Variable,A389
(Intercept),0.046913813227300503
Cumene hydroperoxide,6.741807120172427e-4
"2,2-Bis(Bromomethyl)-1,3-propanediol",0.0024920968842866197
